seed,problem or task representation,preparation,generation,validation,outcome
"Over the past several years, advanced footwear has become an essential tool for runners to improve their fitness and performance. However, they have continued facing challenges with heat building up inside running shoes that can lead to sweating and blisters. This will not only produce more discomfort, but also prevent them from increasing speed and endurance due to lingering pain. Therefore, future innovations need to overcome these issues with advanced footwear to improve the lives of runners across the globe.","Over the past several years, advanced footwear has become an essential tool for runners to improve their fitness and performance. However, they have continued facing challenges with heat building up inside running shoes that can lead to sweating and blisters. This will not only produce more discomfort, but also prevent them from increasing speed and endurance due to lingering pain. Therefore, future innovations need to overcome these issues with advanced footwear to improve the lives of runners across the globe.","Analyze the provided text to identify key concepts: advanced footwear, running performance, heat buildup, sweating, blisters, discomfort, pain, speed, endurance, future innovations. Recall existing knowledge about footwear technology, thermal management in clothing/footwear, and biomechanics of running. Research existing technologies aimed at addressing heat and moisture management in running shoes. Consider potential materials and designs that could improve airflow and reduce heat retention. Recall potential negative impacts on performance from pain and discomfort.
","Generate ideas for shoe material properties: high breathability, moisture-wicking, low heat retention, lightweight, durable.
Explore different shoe designs: open-mesh uppers, ventilation channels, porous midsoles, integrated cooling systems.
Research existing moisture-management technologies: hydrophobic coatings, moisture-wicking fabrics, phase-change materials.
Investigate biomechanics of running: foot strike patterns, pressure distribution, movement efficiency, impact forces.
Consider the impact of discomfort on performance: pain perception, gait changes, reduced efficiency, psychological effects.
Explore the potential of smart technology: embedded sensors for heat and moisture monitoring, active cooling systems, personalized fit.
Brainstorm alternative cooling techniques: water-based cooling, evaporative cooling, integrated micro-fans.
Research materials used in other cooling applications: heat sinks, thermal paste, conductive materials.
Analyze existing running shoe designs for areas of heat concentration.
Consider the trade-offs between performance enhancement and design complexity.
","Validation: The provided steps are appropriate and logically connected to the goal of designing a performance shoe with enhanced cooling and moisture management.
","assess if the test has been passed perfectly—if there is complete attainment of the original goal—the process terminates. If there is complete failure—if no reasonable response possibility has been generated—the process will also terminate. If there is some progress toward the goal—if at least a reasonable response possibility has been generated or if there is some evidence of ""getting warmer""—the process returns to the first stage, where the problem is once again posed.
"
"Over the past several years, advanced footwear has become an essential tool for runners to improve their fitness and performance. However, they have continued facing challenges with heat building up inside running shoes that can lead to sweating and blisters. This will not only produce more discomfort, but also prevent them from increasing speed and endurance due to lingering pain. Therefore, future innovations need to overcome these issues with advanced footwear to improve the lives of runners across the globe.","Over the past several years, advanced footwear has become an essential tool for runners to improve their fitness and performance. However, they have continued facing challenges with heat building up inside running shoes that can lead to sweating and blisters. This will not only produce more discomfort, but also prevent them from increasing speed and endurance due to lingering pain. Therefore, future innovations need to overcome these issues with advanced footwear to improve the lives of runners across the globe.","- Identify key problem: Heat buildup in running shoes leading to discomfort, blisters, and decreased performance.
- Recall knowledge of running shoe technology: Materials, construction, ventilation, heat transfer mechanisms.
- Recall knowledge of human physiology: Sweating, blister formation, impact of heat on performance.
- Recall knowledge of common running shoe innovations: Mesh, wicking fabrics, cushioning materials, sole design.
- Consider potential solutions: Improved ventilation, heat-dissipating materials, moisture management systems.
- Access relevant algorithms: Problem-solving strategies for design optimization, material selection, and performance testing.
","- Brainstorm different material options for shoe uppers that maximize ventilation and minimize heat retention (e.g., open-weave mesh, highly breathable synthetics).
- Explore alternative sole designs to improve airflow and heat dissipation (e.g., channels, vents).
- Investigate advanced wicking fabric technologies to enhance moisture management and evaporative cooling.
- Research different cushioning materials with superior heat transfer properties (e.g., porous foams, gel-based inserts).
- Consider the implementation of an active cooling system within the shoe (e.g., micro-fans).
- Analyze existing research on the relationship between shoe temperature, sweat rate, and blister formation.
- Develop a testing protocol to measure shoe temperature and its impact on runner comfort and performance.
- Evaluate the trade-offs between ventilation, support, and durability in running shoe design.
- Explore the potential of incorporating smart materials that respond to temperature changes to optimize heat management.
- Investigate the feasibility of using biomimicry principles in shoe design to improve ventilation and heat transfer.
","All points are relevant to the stated goal of designing a running shoe that maximizes ventilation and minimizes heat retention, covering material selection, structural design, and testing protocols.
","Some progress toward the goal
"
"Over the past several years, advanced footwear has become an essential tool for runners to improve their fitness and performance. However, they have continued facing challenges with heat building up inside running shoes that can lead to sweating and blisters. This will not only produce more discomfort, but also prevent them from increasing speed and endurance due to lingering pain. Therefore, future innovations need to overcome these issues with advanced footwear to improve the lives of runners across the globe.","Over the past several years, advanced footwear has become an essential tool for runners to improve their fitness and performance. However, they have continued facing challenges with heat building up inside running shoes that can lead to sweating and blisters. This will not only produce more discomfort, but also prevent them from increasing speed and endurance due to lingering pain. Therefore, future innovations need to overcome these issues with advanced footwear to improve the lives of runners across the globe.","Identify the problem: Heat buildup in running shoes leads to sweating, blisters, discomfort, and reduced performance. Understand current solutions: Advanced footwear is designed to improve fitness and performance but does not effectively address heat buildup. Establish goals: Future innovations should focus on reducing heat buildup in running shoes to improve comfort and performance for runners. Identify relevant knowledge domains: Material science (breathable materials, heat dissipation), shoe design (ventilation, fit), physiology (sweat production, blister formation), sports science (performance impact of discomfort). Recall potential solutions: Ventilation systems, moisture-wicking materials, heat-dissipating materials, improved fit.
","Explore different material weaving patterns to enhance breathability, investigate novel phase-change materials for heat absorption, design micro-ventilation channels within the shoe structure, incorporate temperature-sensitive polymers that dynamically adjust ventilation, develop customized sock liners with improved moisture wicking, implement smart textile technology with embedded sensors for real-time temperature monitoring and adjustment, optimize shoe fit to reduce friction hotspots, explore advanced cushioning materials with integrated air pathways, experiment with different sole designs to promote airflow, investigate targeted cooling systems using micro-fluidics.
",,
"Over the past several years, advanced footwear has become an essential tool for runners to improve their fitness and performance. However, they have continued facing challenges with heat building up inside running shoes that can lead to sweating and blisters. This will not only produce more discomfort, but also prevent them from increasing speed and endurance due to lingering pain. Therefore, future innovations need to overcome these issues with advanced footwear to improve the lives of runners across the globe.","Over the past several years, advanced footwear has become an essential tool for runners to improve their fitness and performance. However, they have continued facing challenges with heat building up inside running shoes that can lead to sweating and blisters. This will not only produce more discomfort, but also prevent them from increasing speed and endurance due to lingering pain. Therefore, future innovations need to overcome these issues with advanced footwear to improve the lives of runners across the globe.",,,,
"Over the past several years, advanced footwear has become an essential tool for runners to improve their fitness and performance. However, they have continued facing challenges with heat building up inside running shoes that can lead to sweating and blisters. This will not only produce more discomfort, but also prevent them from increasing speed and endurance due to lingering pain. Therefore, future innovations need to overcome these issues with advanced footwear to improve the lives of runners across the globe.","Over the past several years, advanced footwear has become an essential tool for runners to improve their fitness and performance. However, they have continued facing challenges with heat building up inside running shoes that can lead to sweating and blisters. This will not only produce more discomfort, but also prevent them from increasing speed and endurance due to lingering pain. Therefore, future innovations need to overcome these issues with advanced footwear to improve the lives of runners across the globe.",,,,
"Over the past several years, advanced footwear has become an essential tool for runners to improve their fitness and performance. However, they have continued facing challenges with heat building up inside running shoes that can lead to sweating and blisters. This will not only produce more discomfort, but also prevent them from increasing speed and endurance due to lingering pain. Therefore, future innovations need to overcome these issues with advanced footwear to improve the lives of runners across the globe.","Over the past several years, advanced footwear has become an essential tool for runners to improve their fitness and performance. However, they have continued facing challenges with heat building up inside running shoes that can lead to sweating and blisters. This will not only produce more discomfort, but also prevent them from increasing speed and endurance due to lingering pain. Therefore, future innovations need to overcome these issues with advanced footwear to improve the lives of runners across the globe.",,,,
"Over the past several years, advanced footwear has become an essential tool for runners to improve their fitness and performance. However, they have continued facing challenges with heat building up inside running shoes that can lead to sweating and blisters. This will not only produce more discomfort, but also prevent them from increasing speed and endurance due to lingering pain. Therefore, future innovations need to overcome these issues with advanced footwear to improve the lives of runners across the globe.","Over the past several years, advanced footwear has become an essential tool for runners to improve their fitness and performance. However, they have continued facing challenges with heat building up inside running shoes that can lead to sweating and blisters. This will not only produce more discomfort, but also prevent them from increasing speed and endurance due to lingering pain. Therefore, future innovations need to overcome these issues with advanced footwear to improve the lives of runners across the globe.",,,,
"Over the past several years, advanced footwear has become an essential tool for runners to improve their fitness and performance. However, they have continued facing challenges with heat building up inside running shoes that can lead to sweating and blisters. This will not only produce more discomfort, but also prevent them from increasing speed and endurance due to lingering pain. Therefore, future innovations need to overcome these issues with advanced footwear to improve the lives of runners across the globe.","Over the past several years, advanced footwear has become an essential tool for runners to improve their fitness and performance. However, they have continued facing challenges with heat building up inside running shoes that can lead to sweating and blisters. This will not only produce more discomfort, but also prevent them from increasing speed and endurance due to lingering pain. Therefore, future innovations need to overcome these issues with advanced footwear to improve the lives of runners across the globe.",,,,
"Over the past several years, advanced footwear has become an essential tool for runners to improve their fitness and performance. However, they have continued facing challenges with heat building up inside running shoes that can lead to sweating and blisters. This will not only produce more discomfort, but also prevent them from increasing speed and endurance due to lingering pain. Therefore, future innovations need to overcome these issues with advanced footwear to improve the lives of runners across the globe.","Over the past several years, advanced footwear has become an essential tool for runners to improve their fitness and performance. However, they have continued facing challenges with heat building up inside running shoes that can lead to sweating and blisters. This will not only produce more discomfort, but also prevent them from increasing speed and endurance due to lingering pain. Therefore, future innovations need to overcome these issues with advanced footwear to improve the lives of runners across the globe.",,,,
"Over the past several years, advanced footwear has become an essential tool for runners to improve their fitness and performance. However, they have continued facing challenges with heat building up inside running shoes that can lead to sweating and blisters. This will not only produce more discomfort, but also prevent them from increasing speed and endurance due to lingering pain. Therefore, future innovations need to overcome these issues with advanced footwear to improve the lives of runners across the globe.","Over the past several years, advanced footwear has become an essential tool for runners to improve their fitness and performance. However, they have continued facing challenges with heat building up inside running shoes that can lead to sweating and blisters. This will not only produce more discomfort, but also prevent them from increasing speed and endurance due to lingering pain. Therefore, future innovations need to overcome these issues with advanced footwear to improve the lives of runners across the globe.",,,,
